system,Ligand1,Ligand2,exp_ddG,bennett_ddG,bennett_error,ccc_ddG,ccc_error,Error_bar,abs_error_Bar,Unnamed: 11,Error_ccc,Abs_error_ccc,Unnamed: 14
BACE,CAT-13b,CAT-17g,-0.62,0.36,0.11,-0.18,1.2,-0.98,0.98,0.9604,-0.44,0.44,0.1936
BACE,CAT-13a,CAT-17g,-0.9,-0.02,0.1,-0.26,0.92,-0.88,0.88,0.7744,-0.64,0.64,0.4096
BACE,CAT-13e,CAT-17g,0.22,1.5,0.11,1.4,0.81,-1.28,1.28,1.6384,-1.18,1.18,1.3924
BACE,CAT-4m,CAT-4c,1.3,0.78,0.1,0.98,0.46,0.52,0.52,0.2704,0.32,0.32,0.1024
BACE,CAT-13k,CAT-4d,0.59,-0.59,0.11,-0.76,0.51,1.18,1.18,1.3924,1.35,1.35,1.8225
BACE,CAT-24,CAT-17e,1.33,1.98,0.08,1.87,0.36,-0.65,0.65,0.4225,-0.54,0.54,0.2916
BACE,CAT-13g,CAT-17g,-0.65,0.86,0.15,0.98,0.64,-1.51,1.51,2.2801,-1.63,1.63,2.6569
BACE,CAT-13d,CAT-13h,0.84,1.46,0.1,1.24,0.92,-0.62,0.62,0.3844,-0.4,0.4,0.16
BACE,CAT-13a,CAT-17i,-0.63,-0.76,0.11,-0.52,0.92,0.13,0.13,0.0169,-0.11,0.11,0.0121
BACE,CAT-4m,CAT-13j,0.42,-0.01,0.12,-0.24,0.59,0.43,0.43,0.1849,0.66,0.66,0.4356
BACE,CAT-13a,CAT-13m,0.08,-0.95,0.13,-1.28,0.71,1.03,1.03,1.0609,1.36,1.36,1.8496
BACE,CAT-4l,CAT-13k,-0.36,-2.27,0.12,-2.11,0.59,1.91,1.91,3.6481,1.75,1.75,3.0625
BACE,CAT-13o,CAT-17i,-0.93,-1.08,0.12,-1.01,0.29,0.15,0.15,0.0225,0.08,0.08,0.0063999999999999
BACE,CAT-4c,CAT-4o,-1.53,-1.35,0.09,-1.15,0.46,-0.18,0.18,0.0324,-0.38,0.38,0.1444
BACE,CAT-4j,CAT-4o,-0.36,-0.58,0.06,-0.73,0.53,0.22,0.22,0.0484,0.37,0.37,0.1369
BACE,CAT-4i,CAT-13m,-0.5,-3.07,0.12,-3.09,0.46,2.57,2.57,6.6049,2.59,2.59,6.7081
BACE,CAT-24,CAT-17i,1.88,2.89,0.07,3.0,0.36,-1.01,1.01,1.0201,-1.12,1.12,1.2544
BACE,CAT-13j,CAT-4o,-0.65,0.29,0.1,0.06,0.59,-0.94,0.94,0.8836,-0.71,0.71,0.5041
BACE,CAT-4n,CAT-13k,-0.61,0.08,0.1,-0.11,0.71,-0.69,0.69,0.4761,-0.5,0.5,0.25
BACE,CAT-4o,CAT-4b,-0.25,-1.21,0.11,-1.55,0.59,0.96,0.96,0.9216,1.3,1.3,1.69
BACE,CAT-17i,CAT-13f,0.38,-0.77,0.13,-0.9,0.77,1.15,1.15,1.3225,1.28,1.28,1.6384
BACE,CAT-17c,CAT-17e,-0.16,0.38,0.11,0.43,0.54,-0.54,0.54,0.2916,-0.59,0.59,0.3481
BACE,CAT-13k,CAT-4b,0.07,-1.16,0.1,-0.82,0.59,1.23,1.23,1.5129,0.89,0.89,0.7921
BACE,CAT-4m,CAT-4j,0.13,0.71,0.07,0.56,0.53,-0.58,0.58,0.3364,-0.43,0.43,0.1849
BACE,CAT-13n,CAT-13k,-1.16,-2.98,0.14,-2.63,0.71,1.82,1.82,3.3124,1.47,1.47,2.1609
BACE,CAT-13d,CAT-17h,0.14,0.05,0.07,0.12,0.29,0.09,0.09,0.0081,0.02,0.02,0.0004
BACE,CAT-17b,CAT-13d,-0.45,0.46,0.09,0.41,0.54,-0.91,0.91,0.8281,-0.86,0.86,0.7396
BACE,CAT-4m,CAT-4n,0.06,-0.59,0.07,-0.78,0.71,0.65,0.65,0.4225,0.84,0.84,0.7056
BACE,CAT-4m,CAT-13k,-0.55,-1.0,0.09,-0.9,0.56,0.45,0.45,0.2025,0.35,0.35,0.1225
BACE,CAT-13c,CAT-17i,-0.15,0.26,0.11,-0.02,0.77,-0.41,0.41,0.1681,-0.13,0.13,0.0169
BACE,CAT-4a,CAT-4o,-1.45,-0.78,0.07,-0.71,0.37,-0.67,0.67,0.4489,-0.74,0.74,0.5476
BACE,CAT-13h,CAT-17i,0.16,0.14,0.09,-0.08,0.92,0.02,0.02,0.0004,0.24,0.24,0.0576
BACE,CAT-4o,CAT-4d,0.27,-1.66,0.11,-1.49,0.51,1.93,1.93,3.7249,1.76,1.76,3.0976
BACE,CAT-17g,CAT-17c,-0.12,-1.86,0.08,-1.81,0.54,1.74,1.74,3.0276,1.69,1.69,2.8561
BACE,CAT-4a,CAT-13k,-1.77,-1.37,0.09,-1.44,0.37,-0.4,0.4,0.16,-0.33,0.33,0.1089
BACE,CAT-13d,CAT-17d,1.05,2.71,0.09,2.57,0.8,-1.66,1.66,2.7556,-1.52,1.52,2.3104
BACE,CAT-17g,CAT-17f,0.32,-1.36,0.08,-1.36,0.5,1.68,1.68,2.8224,1.68,1.68,2.8224
BACE,CAT-13e,CAT-17i,0.49,1.04,0.11,1.14,0.81,-0.55,0.55,0.3025,-0.65,0.65,0.4225
BACE,CAT-13d,CAT-13b,1.35,2.12,0.12,1.58,1.2,-0.77,0.77,0.5929,-0.23,0.23,0.0529
BACE,CAT-17g,CAT-13i,0.47,-0.67,0.12,-1.33,1.2,1.14,1.14,1.2996,1.8,1.8,3.24
BACE,CAT-4m,CAT-13m,0.39,-1.96,0.12,-1.61,0.71,2.35,2.35,5.5225,2.0,2.0,4.0
BACE,CAT-17g,CAT-13c,0.42,0.05,0.11,-0.23,0.77,0.37,0.37,0.1369,0.65,0.65,0.4225
BACE,CAT-17i,CAT-17a,-1.26,-1.96,0.08,-1.95,0.75,0.7,0.7,0.49,0.69,0.69,0.4761
BACE,CAT-13d,CAT-13f,1.38,0.13,0.13,0.26,0.77,1.25,1.25,1.5625,1.12,1.12,1.2544
BACE,CAT-17f,CAT-17e,-0.6,-0.03,0.07,-0.03,0.5,-0.57,0.57,0.3249,-0.57,0.57,0.3249
BACE,CAT-13d,CAT-17a,-0.26,-0.78,0.07,-0.79,0.75,0.52,0.52,0.2704,0.53,0.53,0.2809
BACE,CAT-17g,CAT-17d,0.32,1.03,0.06,1.17,0.8,-0.71,0.71,0.5041,-0.85,0.85,0.7225
BACE,CAT-13n,CAT-13a,-0.3,-1.73,0.12,-2.06,0.71,1.43,1.43,2.0449,1.76,1.76,3.0976
BACE,CAT-13o,CAT-17h,-1.79,-1.98,0.1,-2.05,0.29,0.19,0.19,0.0361,0.26,0.26,0.0675999999999999
BACE,CAT-17b,CAT-17e,0.0,0.38,0.08,0.43,0.54,-0.38,0.38,0.1444,-0.43,0.43,0.1849
BACE,CAT-4k,CAT-4o,-1.53,-1.21,0.08,-1.26,0.45,-0.32,0.32,0.1024,-0.27,0.27,0.0729
BACE,CAT-4m,CAT-4l,-0.19,1.05,0.11,1.21,0.59,-1.24,1.24,1.5376,-1.4,1.4,1.96
BACE,CAT-4m,CAT-4k,1.3,1.14,0.08,1.09,0.45,0.16,0.16,0.0256,0.21,0.21,0.0441
BACE,CAT-13n,CAT-4i,0.28,-0.23,0.12,-0.25,0.46,0.51,0.51,0.2601,0.53,0.53,0.2809
BACE,CAT-13g,CAT-17i,-0.38,0.84,0.13,0.72,0.64,-1.22,1.22,1.4884,-1.1,1.1,1.21
BACE,CAT-4p,CAT-13k,0.38,0.59,0.08,0.4,0.71,-0.21,0.21,0.0441,-0.02,0.02,0.0004
BACE,CAT-4m,CAT-4p,-0.93,-1.1,0.06,-1.29,0.71,0.17,0.17,0.0289,0.36,0.36,0.1296
BACE,CAT-13d,CAT-13i,1.2,-0.59,0.13,0.07,1.2,1.79,1.79,3.2041,1.13,1.13,1.2769
CDK2,22,1h1r,0.193,0.3,0.09,0.14,0.4,-0.107,0.107,0.011449,0.053,0.053,0.002809
CDK2,1h1s,1oiy,1.461,0.8,0.21,1.02,0.69,0.661,0.661,0.436921,0.441,0.441,0.194481
CDK2,1oiu,26,0.652,1.92,0.17,2.02,0.43,-1.268,1.268,1.607824,-1.368,1.368,1.871424
CDK2,26,1h1q,0.252,0.66,0.09,0.64,0.48,-0.408,0.408,0.166464,-0.388,0.388,0.150544
CDK2,17,1h1q,-1.138,0.78,0.08,0.91,0.4,-1.918,1.918,3.678724,-2.048,2.048,4.194304
CDK2,1oiy,1oi9,0.044,0.43,0.11,0.1,0.8,-0.386,0.386,0.148996,-0.056,0.056,0.003136
CDK2,29,26,1.451,0.01,0.13,0.32,0.67,1.441,1.441,2.076481,1.131,1.131,1.279161
CDK2,1h1s,26,2.815,1.2,0.16,0.98,0.69,1.615,1.615,2.608225,1.835,1.835,3.367225
CDK2,28,26,2.681,1.48,0.12,1.5,0.68,1.201,1.201,1.442401,1.181,1.181,1.394761
CDK2,17,21,-0.787,0.57,0.09,0.6,0.25,-1.357,1.357,1.841449,-1.387,1.387,1.923769
CDK2,28,31,1.573,1.3,0.13,1.28,0.68,0.273,0.273,0.074529,0.293,0.293,0.085849
CDK2,1h1r,1oi9,-2.072,0.32,0.1,0.19,0.4,-2.392,2.392,5.721664,-2.262,2.262,5.116644
CDK2,1h1r,21,-0.159,0.41,0.09,0.38,0.25,-0.569,0.569,0.323761,-0.539,0.539,0.290521
CDK2,30,26,1.381,-0.15,0.23,0.02,0.8,1.531,1.531,2.343961,1.361,1.361,1.852321
CDK2,1oiy,32,0.035,-1.16,0.22,-0.7,0.8,1.195,1.195,1.428025,0.735,0.735,0.540225
CDK2,17,22,-0.821,0.23,0.08,0.07,0.4,-1.051,1.051,1.104601,-0.891,0.891,0.793881
CDK2,26,1oi9,-1.31,-0.25,0.1,0.14,0.8,-1.06,1.06,1.1236,-1.45,1.45,2.1025
CDK2,1oiy,29,-0.097,-0.67,0.29,-0.36,0.67,0.573,0.573,0.328329,0.263,0.263,0.069169
CDK2,1oiy,31,0.246,0.01,0.24,-0.26,0.68,0.236,0.236,0.055696,0.506,0.506,0.256036
CDK2,31,32,-0.211,0.01,0.16,-0.45,0.8,-0.221,0.221,0.048841,0.239,0.239,0.057121
CDK2,1oi9,20,1.023,0.02,0.11,-0.05,0.43,1.003,1.003,1.006009,1.073,1.073,1.151329
CDK2,20,1h1q,0.539,0.61,0.09,0.54,0.43,-0.071,0.071,0.0050409999999999,-0.001,0.001,1e-06
CDK2,1oiy,1h1q,1.606,0.54,0.11,0.6,0.48,1.066,1.066,1.136356,1.006,1.006,1.012036
CDK2,1oiu,1h1q,0.904,2.75,0.12,2.65,0.43,-1.846,1.846,3.407716,-1.746,1.746,3.048516
CDK2,30,31,0.273,-0.03,0.13,-0.2,0.8,0.303,0.303,0.091809,0.473,0.473,0.223729
JNK1,17124-1,18634-1,-0.32,0.47,0.08,0.64,0.45,-0.79,0.79,0.6241,-0.96,0.96,0.9216
JNK1,18626-1,18624-1,0.38,0.76,0.08,0.73,0.3,-0.38,0.38,0.1444,-0.35,0.35,0.1225
JNK1,18636-1,18625-1,-0.59,-0.3,0.09,-0.22,0.3,-0.29,0.29,0.0841,-0.37,0.37,0.1369
JNK1,18632-1,18624-1,0.59,0.6,0.09,0.54,0.31,-0.01,0.01,0.0001,0.0499999999999999,0.0499999999999999,0.0024999999999999
JNK1,18635-1,18625-1,-0.82,0.97,0.07,0.92,0.19,-1.79,1.79,3.2041,-1.74,1.74,3.0276
JNK1,18626-1,18658-1,-0.83,-1.66,0.14,-1.93,0.44,0.83,0.83,0.6889,1.1,1.1,1.21
JNK1,18639-1,18658-1,0.04,0.51,0.13,0.71,0.44,-0.47,0.47,0.2209,-0.67,0.67,0.4489
JNK1,18626-1,18625-1,0.77,1.68,0.08,1.65,0.3,-0.91,0.91,0.8281,-0.88,0.88,0.7744
JNK1,18638-1,18658-1,0.39,0.79,0.13,0.86,0.33,-0.4,0.4,0.16,-0.47,0.47,0.2209
JNK1,18628-1,18624-1,0.21,-0.33,0.07,-0.09,0.45,0.54,0.54,0.2916,0.3,0.3,0.09
JNK1,18631-1,18660-1,0.71,-0.57,0.11,-0.74,0.38,1.28,1.28,1.6384,1.45,1.45,2.1025
JNK1,18638-1,18634-1,0.1,0.28,0.12,0.21,0.33,-0.18,0.18,0.0324,-0.11,0.11,0.0121
JNK1,18626-1,18632-1,-0.21,0.25,0.08,0.19,0.31,-0.46,0.46,0.2116,-0.4,0.4,0.16
JNK1,18626-1,18630-1,-0.27,0.55,0.06,0.54,0.02,-0.82,0.82,0.6724,-0.81,0.81,0.6561
JNK1,18631-1,18624-1,0.92,2.68,0.1,2.56,0.45,-1.76,1.76,3.0976,-1.64,1.64,2.6896
JNK1,18629-1,18627-1,0.19,-0.41,0.09,-0.41,0.0,0.6,0.6,0.36,0.6,0.6,0.36
JNK1,18634-1,18637-1,-0.15,-0.61,0.13,-0.72,0.4,0.46,0.46,0.2116,0.57,0.57,0.3249
JNK1,18626-1,18627-1,0.39,0.26,0.09,0.27,0.02,0.13,0.13,0.0169,0.12,0.12,0.0144
JNK1,18631-1,18652-1,-1.27,-1.63,0.15,-1.63,0.0,0.36,0.36,0.1296,0.36,0.36,0.1296
JNK1,18637-1,18631-1,0.73,1.58,0.15,1.47,0.4,-0.85,0.85,0.7225,-0.74,0.74,0.5476
JNK1,18626-1,18634-1,-1.12,-2.43,0.1,-2.59,0.45,1.31,1.31,1.7161,1.47,1.47,2.1609
JNK1,18633-1,18624-1,0.68,0.78,0.1,0.78,0.0,-0.1,0.1,0.01,-0.1,0.1,0.01
JNK1,17124-1,18631-1,0.26,1.57,0.11,1.4,0.45,-1.31,1.31,1.7161,-1.14,1.14,1.2996
JNK1,18627-1,18630-1,-0.66,0.26,0.06,0.27,0.02,-0.92,0.92,0.8464,-0.93,0.93,0.8649
JNK1,18659-1,18634-1,-0.53,-0.45,0.09,-0.3,0.44,-0.08,0.08,0.0064,-0.23,0.23,0.0529
JNK1,18636-1,18624-1,-0.98,-1.07,0.09,-1.15,0.3,0.0900000000000001,0.0900000000000001,0.0081,0.17,0.17,0.0289
JNK1,18626-1,18628-1,0.17,0.57,0.09,0.81,0.45,-0.4,0.4,0.16,-0.64,0.64,0.4096
JNK1,18626-1,18660-1,0.17,-2.74,0.14,-2.57,0.38,2.91,2.91,8.4681,2.74,2.74,7.5076
JNK1,18626-1,18659-1,-0.59,-2.45,0.14,-2.3,0.44,1.86,1.86,3.4596,1.71,1.71,2.9241
JNK1,18639-1,18634-1,-0.25,0.25,0.09,0.05,0.44,-0.5,0.5,0.25,-0.3,0.3,0.09
JNK1,18635-1,18624-1,-1.21,-0.05,0.1,0.0,0.19,-1.16,1.16,1.3456,-1.21,1.21,1.4641
MCL1,50,60,0.41,-0.84,0.13,-0.62,0.82,1.25,1.25,1.5625,1.03,1.03,1.0609
MCL1,56,35,0.45,2.93,0.11,3.05,0.46,-2.48,2.48,6.1504,-2.6,2.6,6.76
MCL1,65,60,-0.51,0.9,0.03,0.81,1.07,-1.41,1.41,1.9881,-1.32,1.32,1.7424
MCL1,26,57,-0.8,-0.3,0.08,-0.59,0.63,-0.5,0.5,0.25,-0.21,0.21,0.0441
MCL1,58,60,0.49,2.36,0.13,2.2,1.13,-1.87,1.87,3.4969,-1.71,1.71,2.9241
MCL1,62,45,-1.0,-1.67,0.19,-1.23,0.87,0.67,0.67,0.4489,0.23,0.23,0.0529
MCL1,60,36,0.74,1.43,0.16,1.53,0.44,-0.69,0.69,0.4761,-0.79,0.79,0.6241
MCL1,30,27,1.74,0.31,0.07,0.07,1.22,1.43,1.43,2.0449,1.67,1.67,2.7889
MCL1,33,27,0.76,1.18,0.08,1.01,0.8,-0.42,0.42,0.1764,-0.25,0.25,0.0625
MCL1,43,27,0.92,1.79,0.13,1.91,1.04,-0.87,0.87,0.7569,-0.99,0.99,0.9801
MCL1,67,58,-1.83,-1.94,0.07,-2.1,1.13,0.11,0.11,0.0121,0.27,0.27,0.0729
MCL1,67,32,1.0,3.44,0.1,3.44,1.19,-2.44,2.44,5.9536,-2.44,2.44,5.9536
MCL1,30,40,0.6,-2.79,0.1,-2.33,1.22,3.39,3.39,11.4921,2.93,2.93,8.5849
MCL1,38,60,-1.9,-2.1,0.21,-1.82,0.72,0.2,0.2,0.0400000000000001,-0.0799999999999999,0.0799999999999999,0.0063999999999999
MCL1,41,35,-1.68,0.98,0.12,0.65,1.19,-2.66,2.66,7.0756,-2.33,2.33,5.4289
MCL1,54,23,0.95,1.58,0.17,1.82,0.51,-0.63,0.63,0.3969,-0.87,0.87,0.7569
MCL1,56,60,0.34,1.1,0.13,0.98,0.46,-0.76,0.76,0.5776,-0.64,0.64,0.4096
MCL1,66,42,-0.47,0.96,0.14,1.04,0.32,-1.43,1.43,2.0449,-1.51,1.51,2.2801
MCL1,29,40,-0.31,-1.45,0.14,-1.91,1.22,1.14,1.14,1.2996,1.6,1.6,2.56
MCL1,26,44,-0.44,-1.14,0.06,-1.06,0.38,0.7,0.7,0.49,0.62,0.62,0.3844
MCL1,49,35,-0.45,0.3,0.03,0.74,0.72,-0.75,0.75,0.5625,-1.19,1.19,1.4161
MCL1,29,35,-1.87,-2.2,0.08,-1.07,1.25,0.33,0.33,0.1089,-0.8,0.8,0.64
MCL1,42,51,0.45,0.97,0.04,0.58,0.87,-0.52,0.52,0.2704,-0.13,0.13,0.0169
MCL1,39,32,0.44,1.42,0.08,1.26,0.79,-0.98,0.98,0.9604,-0.82,0.82,0.6724
MCL1,35,37,-0.14,-1.86,0.07,-1.86,1.01,1.72,1.72,2.9584,1.72,1.72,2.9584
MCL1,28,35,-2.19,-1.03,0.09,-1.42,1.23,-1.16,1.16,1.3456,-0.77,0.77,0.5929
MCL1,35,53,-1.15,-4.03,0.09,-3.88,1.14,2.88,2.88,8.2944,2.73,2.73,7.4529
MCL1,67,63,-1.48,-0.72,0.14,-0.76,1.03,-0.76,0.76,0.5776,-0.72,0.72,0.5184
MCL1,27,45,-2.84,-2.67,0.14,-2.68,0.6,-0.17,0.17,0.0289,-0.16,0.16,0.0255999999999999
MCL1,41,32,0.55,1.58,0.11,1.91,1.19,-1.03,1.03,1.0609,-1.36,1.36,1.8496
MCL1,67,53,-2.38,-1.56,0.07,-1.71,1.14,-0.82,0.82,0.6724,-0.67,0.67,0.4489
MCL1,35,33,1.94,0.7,0.07,0.53,0.8,1.24,1.24,1.5376,1.41,1.41,1.9881
MCL1,27,46,-1.48,-0.78,0.13,-0.91,1.11,-0.7,0.7,0.49,-0.57,0.57,0.3249
MCL1,66,23,-0.4,0.93,0.03,0.85,0.32,-1.33,1.33,1.7689,-1.25,1.25,1.5625
MCL1,67,61,-0.5,0.4,0.14,0.3,1.08,-0.9,0.9,0.81,-0.8,0.8,0.64
MCL1,57,23,0.21,1.08,0.13,0.79,0.63,-0.87,0.87,0.7569,-0.58,0.58,0.3364
MCL1,30,35,-0.96,-1.14,0.06,-1.48,1.2,0.18,0.18,0.0324,0.52,0.52,0.2704
MCL1,61,60,-0.84,-0.1,0.06,-0.2,1.08,-0.74,0.74,0.5476,-0.64,0.64,0.4096
MCL1,67,31,-0.34,2.97,0.09,2.74,1.21,-3.31,3.31,10.9561,-3.08,3.08,9.4864
MCL1,32,46,-1.02,-0.75,0.13,-0.62,1.11,-0.27,0.27,0.0729,-0.4,0.4,0.16
MCL1,35,60,-0.1,-2.27,0.16,-2.07,1.13,2.17,2.17,4.7089,1.97,1.97,3.8809
MCL1,31,35,-0.89,-0.34,0.08,-0.57,1.21,-0.55,0.55,0.3025,-0.32,0.32,0.1024
MCL1,62,26,-0.28,-0.61,0.14,-1.05,0.87,0.33,0.33,0.1089,0.77,0.77,0.5929
MCL1,35,36,0.63,-0.45,0.07,-0.55,0.44,1.08,1.08,1.1664,1.18,1.18,1.3924
MCL1,26,64,-1.26,-0.35,0.14,-0.58,0.87,-0.91,0.91,0.8281,-0.68,0.68,0.4624
MCL1,38,35,-1.79,0.53,0.12,0.25,0.72,-2.32,2.32,5.3824,-2.04,2.04,4.1616
MCL1,35,34,1.94,0.03,0.08,-0.02,0.88,1.91,1.91,3.6481,1.96,1.96,3.8416
MCL1,29,27,0.82,1.15,0.07,0.48,1.25,-0.33,0.33,0.1089,0.34,0.34,0.1156
MCL1,48,27,0.55,-2.05,0.13,-1.93,1.06,2.6,2.6,6.76,2.48,2.48,6.1504
MCL1,68,45,-1.26,-2.29,0.12,-2.33,0.63,1.03,1.03,1.0609,1.07,1.07,1.1449
MCL1,63,60,0.15,0.9,0.03,0.86,1.03,-0.75,0.75,0.5625,-0.71,0.71,0.5041
MCL1,54,42,0.88,2.25,0.04,2.01,0.51,-1.37,1.37,1.8769,-1.13,1.13,1.2769
MCL1,44,23,-0.16,1.17,0.15,1.25,0.38,-1.33,1.33,1.7689,-1.41,1.41,1.9881
MCL1,28,27,0.51,-0.13,0.07,0.13,1.23,0.64,0.64,0.4096,0.38,0.38,0.1444
MCL1,67,27,1.46,3.28,0.1,3.73,1.25,-1.82,1.82,3.3124,-2.27,2.27,5.1529
MCL1,52,60,0.31,0.19,0.17,0.1,1.07,0.12,0.12,0.0144,0.21,0.21,0.0441
MCL1,27,23,-2.71,-2.31,0.23,-2.3,0.6,-0.4,0.4,0.16,-0.41,0.41,0.1681
MCL1,49,67,0.78,-0.99,0.1,-1.43,0.72,1.77,1.77,3.1329,2.21,2.21,4.8841
MCL1,28,47,0.85,-0.34,0.14,-0.22,1.04,1.19,1.19,1.4161,1.07,1.07,1.1449
MCL1,67,52,-1.64,0.1,0.09,0.01,1.07,-1.74,1.74,3.0276,-1.65,1.65,2.7225
MCL1,30,48,1.19,1.89,0.12,2.01,1.06,-0.7,0.7,0.49,-0.82,0.82,0.6724
MCL1,67,35,-1.23,2.43,0.09,2.18,1.25,-3.66,3.66,13.3956,-3.41,3.41,11.6281
MCL1,32,34,-0.29,-1.33,0.07,-1.28,0.88,1.04,1.04,1.0816,0.99,0.99,0.9801
MCL1,65,67,0.83,0.62,0.15,0.71,1.07,0.21,0.21,0.0441,0.12,0.12,0.0144
MCL1,67,50,-1.75,0.51,0.06,0.73,0.82,-2.26,2.26,5.1076,-2.48,2.48,6.1504
MCL1,35,39,1.79,0.16,0.09,0.0,0.79,1.63,1.63,2.6569,1.79,1.79,3.2041
MCL1,43,47,1.26,1.68,0.06,1.56,1.04,-0.42,0.42,0.1764,-0.3,0.3,0.09
MCL1,67,37,-1.37,0.32,0.05,0.32,1.01,-1.69,1.69,2.8561,-1.69,1.69,2.8561
MCL1,42,64,-0.6,-1.19,0.15,-0.96,0.87,0.59,0.59,0.3481,0.36,0.36,0.1296
MCL1,51,45,-0.51,-0.74,0.11,-1.13,0.87,0.23,0.23,0.0529,0.62,0.62,0.3844
MCL1,68,23,-1.14,-2.0,0.14,-1.96,0.63,0.86,0.86,0.7396,0.82,0.82,0.6724
P38,p38a_2u,p38a_2q,0.0,0.51,0.16,0.42,0.34,-0.51,0.51,0.2601,-0.42,0.42,0.1764
P38,p38a_3fln,p38a_2g,0.22,-0.08,0.06,-0.24,0.73,0.3,0.3,0.09,0.46,0.46,0.2116
P38,p38a_2u,p38a_2k,1.71,2.7,0.19,2.79,0.34,-0.99,0.99,0.9801,-1.08,1.08,1.1664
P38,p38a_2v,p38a_3fln,-1.91,-1.61,0.08,-1.33,0.93,-0.3,0.3,0.0899999999999999,-0.58,0.58,0.3364
P38,p38a_3fln,p38a_2n,-0.97,-0.92,0.09,-1.15,0.76,-0.0499999999999999,0.0499999999999999,0.0024999999999999,0.18,0.18,0.0324
P38,p38a_2ee,p38a_3fln,1.38,1.19,0.11,1.23,0.72,0.19,0.19,0.0361,0.15,0.15,0.0225
P38,p38a_3fly,p38a_3flq,1.49,1.0,0.1,0.89,1.03,0.49,0.49,0.2401,0.6,0.6,0.36
P38,p38a_3fln,p38a_2p,-0.32,-0.2,0.1,-0.25,0.57,-0.12,0.12,0.0144,-0.07,0.07,0.0049
P38,p38a_3fly,p38a_2x,1.19,1.64,0.1,1.51,0.34,-0.45,0.45,0.2025,-0.32,0.32,0.1024
P38,p38a_2v,p38a_2y,-0.8,-1.86,0.12,-2.08,1.13,1.06,1.06,1.1236,1.28,1.28,1.6384
P38,p38a_2j,p38a_2f,1.6,0.37,0.09,0.43,0.73,1.23,1.23,1.5129,1.17,1.17,1.3689
P38,p38a_2j,p38a_2q,-2.18,-3.03,0.17,-2.94,0.34,0.85,0.85,0.722499999999999,0.76,0.76,0.5776
P38,p38a_2z,p38a_3fmk,-1.47,-2.93,0.12,-2.52,1.29,1.46,1.46,2.1316,1.05,1.05,1.1025
P38,p38a_3fly,p38a_3fmh,0.6,-0.73,0.08,-0.73,0.24,1.33,1.33,1.7689,1.33,1.33,1.7689
P38,p38a_2z,p38a_2aa,1.09,1.67,0.1,1.08,1.29,-0.58,0.58,0.3364,0.01,0.01,0.0001
P38,p38a_3fln,p38a_2gg,0.22,-0.19,0.15,0.03,0.51,0.41,0.41,0.1681,0.19,0.19,0.0361
P38,p38a_2v,p38a_3fly,-2.45,-1.82,0.07,-2.06,1.03,-0.63,0.63,0.3969,-0.39,0.39,0.1521
P38,p38a_2j,p38a_2h,0.6,-0.5,0.11,-0.78,0.72,1.1,1.1,1.21,1.38,1.38,1.9044
P38,p38a_2l,p38a_2o,1.77,2.93,0.09,2.41,0.93,-1.16,1.16,1.3456,-0.64,0.64,0.4096
P38,p38a_3fln,p38a_2t,-0.97,-0.31,0.08,-0.49,0.85,-0.66,0.66,0.4356,-0.48,0.48,0.2304
P38,p38a_2v,p38a_2x,-1.26,-0.67,0.09,-0.54,0.34,-0.59,0.59,0.3481,-0.72,0.72,0.5184
P38,p38a_2j,p38a_2ff,-1.36,-1.19,0.14,-1.12,0.74,-0.17,0.17,0.0289,-0.24,0.24,0.0576
P38,p38a_2g,p38a_2c,0.2,-1.08,0.13,-1.35,0.43,1.28,1.28,1.6384,1.55,1.55,2.4025
P38,p38a_2l,p38a_2p,1.06,1.73,0.12,1.78,0.57,-0.67,0.67,0.4489,-0.72,0.72,0.5184
P38,p38a_2g,p38a_2h,1.18,-0.64,0.14,-0.36,0.72,1.82,1.82,3.3124,1.54,1.54,2.3716
P38,p38a_3fln,p38a_2o,0.39,-0.14,0.09,0.38,0.93,0.53,0.53,0.2809,0.01,0.01,0.0001
P38,p38a_2gg,p38a_2j,0.58,-0.08,0.2,0.14,0.51,0.66,0.66,0.4356,0.44,0.44,0.1936
P38,p38a_3fln,p38a_2r,0.09,-2.03,0.09,-2.25,0.88,2.12,2.12,4.4944,2.34,2.34,5.4756
P38,p38a_3fln,p38a_2i,0.83,-0.7,0.1,-0.38,0.72,1.53,1.53,2.3409,1.21,1.21,1.4641
P38,p38a_2z,p38a_3flw,-0.32,-0.58,0.16,-0.73,1.06,0.26,0.26,0.0676,0.41,0.41,0.1681
P38,p38a_2g,p38a_2i,0.61,0.19,0.07,-0.13,0.72,0.42,0.42,0.1764,0.74,0.74,0.5476
P38,p38a_3flz,p38a_2c,-0.97,-1.75,0.14,-1.48,0.43,0.78,0.78,0.6084,0.51,0.51,0.2601
P38,p38a_2ee,p38a_2j,2.18,1.45,0.13,1.41,0.72,0.73,0.73,0.5329,0.77,0.77,0.5929
P38,p38a_2m,p38a_2j,0.88,3.33,0.11,3.29,0.71,-2.45,2.45,6.0025,-2.41,2.41,5.8081
P38,p38a_2t,p38a_2j,1.77,0.85,0.1,0.67,0.85,0.92,0.92,0.8464,1.1,1.1,1.21
P38,p38a_2j,p38a_2r,-0.71,-2.64,0.13,-2.42,0.88,1.93,1.93,3.7249,1.71,1.71,2.9241
P38,p38a_2e,p38a_2j,0.62,0.3,0.09,0.32,0.67,0.32,0.32,0.1024,0.3,0.3,0.09
P38,p38a_2v,p38a_3fmh,-1.85,-2.8,0.1,-2.79,0.24,0.95,0.95,0.9025,0.94,0.94,0.8836
P38,p38a_2v,p38a_3fmk,-2.86,-4.97,0.1,-5.38,1.29,2.11,2.11,4.4521,2.52,2.52,6.3504
P38,p38a_2aa,p38a_2bb,0.2,2.51,0.13,1.77,1.29,-2.31,2.31,5.3361,-1.57,1.57,2.4649
P38,p38a_3fln,p38a_2s,-0.23,-0.73,0.13,-0.51,0.67,0.5,0.5,0.25,0.28,0.28,0.0784
P38,p38a_2v,p38a_2j,-1.11,-0.87,0.13,-1.15,0.93,-0.24,0.24,0.0576,0.0399999999999998,0.0399999999999998,0.0015999999999999
P38,p38a_2v,p38a_2bb,-0.09,-0.74,0.11,0.0,1.29,0.65,0.65,0.4225,-0.09,0.09,0.0081
P38,p38a_2l,p38a_2j,2.18,1.72,0.1,2.19,0.93,0.46,0.46,0.2116,-0.0099999999999997,0.0099999999999997,9.99999999999957e-05
P38,p38a_2z,p38a_2y,0.58,0.54,0.1,0.76,1.13,0.0399999999999999,0.0399999999999999,0.0015999999999999,-0.18,0.18,0.0324
P38,p38a_3fln,p38a_3flz,1.39,-0.17,0.06,-0.11,0.4,1.56,1.56,2.4336,1.5,1.5,2.25
P38,p38a_2z,p38a_3flq,0.43,1.57,0.13,1.68,1.03,-1.14,1.14,1.2996,-1.25,1.25,1.5625
P38,p38a_2l,p38a_2n,0.41,0.64,0.07,0.87,0.76,-0.23,0.23,0.0529,-0.46,0.46,0.2116
P38,p38a_3fln,p38a_2e,0.18,-0.16,0.07,-0.14,0.67,0.34,0.34,0.1156,0.32,0.32,0.1024
P38,p38a_2m,p38a_2k,0.41,2.67,0.09,2.71,0.71,-2.26,2.26,5.1076,-2.3,2.3,5.29
P38,p38a_3flz,p38a_2g,-1.17,0.07,0.08,-0.14,0.43,-1.24,1.24,1.5376,-1.03,1.03,1.0609
P38,p38a_2aa,p38a_3flw,-1.41,-1.96,0.21,-1.81,1.06,0.55,0.55,0.3025,0.4,0.4,0.16
P38,p38a_2s,p38a_2l,-1.15,-1.74,0.12,-1.52,0.67,0.59,0.59,0.3481,0.37,0.37,0.1369
P38,p38a_2g,p38a_2f,2.18,0.9,0.06,0.84,0.73,1.28,1.28,1.6384,1.34,1.34,1.7956
P38,p38a_3fln,p38a_2k,0.33,-0.28,0.08,-0.41,0.71,0.61,0.61,0.3721,0.74,0.74,0.5476
P38,p38a_3fln,p38a_2ff,-0.56,-0.88,0.1,-0.95,0.74,0.32,0.32,0.1024,0.39,0.39,0.1521
THROMBIN,1d,6e,-0.66,1.08,0.08,1.05,0.33,-1.74,1.74,3.0276,-1.71,1.71,2.9241
THROMBIN,1d,5,0.67,3.02,0.07,2.62,1.2,-2.35,2.35,5.5225,-1.95,1.95,3.8025
THROMBIN,1b,3b,0.6,0.21,0.08,0.95,1.2,0.39,0.39,0.1521,-0.35,0.35,0.1225
THROMBIN,6a,1b,0.72,0.29,0.07,0.26,0.33,0.43,0.43,0.1849,0.46,0.46,0.2116
THROMBIN,1b,1c,-0.1,-0.45,0.07,-0.69,1.12,0.35,0.35,0.1225,0.59,0.59,0.3481
THROMBIN,1d,1c,-0.31,0.23,0.06,0.47,1.12,-0.54,0.54,0.2916,-0.78,0.78,0.6084
THROMBIN,1b,1a,0.98,1.06,0.08,0.99,0.89,-0.0800000000000001,0.0800000000000001,0.0064,-0.01,0.01,0.0001
THROMBIN,1a,5,-0.1,0.08,0.08,0.48,1.2,-0.18,0.18,0.0324,-0.58,0.58,0.3364
THROMBIN,3a,1d,0.07,-0.83,0.06,-1.17,1.2,0.9,0.9,0.81,1.24,1.24,1.5376
THROMBIN,6a,6b,0.29,-0.41,0.08,-0.38,0.33,0.7,0.7,0.49,0.67,0.67,0.4489
THROMBIN,1d,7a,0.03,0.79,0.07,0.93,1.04,-0.76,0.76,0.5776,-0.9,0.9,0.81
THROMBIN,1b,7a,0.24,-0.09,0.09,-0.23,1.04,0.33,0.33,0.1089,0.47,0.47,0.2209
THROMBIN,3a,1b,-0.14,-0.35,0.07,-0.01,1.2,0.21,0.21,0.0441,-0.13,0.13,0.0169
THROMBIN,1d,1a,0.77,2.42,0.1,2.15,1.08,-1.65,1.65,2.7225,-1.38,1.38,1.9044
THROMBIN,1a,3b,-0.38,0.69,0.08,-0.05,1.2,-1.07,1.07,1.1449,-0.33,0.33,0.1089
THROMBIN,6e,6b,0.02,-0.49,0.08,-0.52,0.33,0.51,0.51,0.2601,0.54,0.54,0.2916
TYK2,jmc_23,ejm_55,2.49,0.83,0.1,0.68,0.24,1.66,1.66,2.7556,1.81,1.81,3.2761
TYK2,ejm_44,ejm_55,-1.79,-4.03,0.11,-3.6,0.76,2.24,2.24,5.0176,1.81,1.81,3.2761
TYK2,ejm_49,ejm_31,-1.79,-0.95,0.11,-1.01,0.29,-0.84,0.84,0.7056,-0.78,0.78,0.6084
TYK2,ejm_31,ejm_46,-1.77,-0.75,0.1,-0.81,0.24,-1.02,1.02,1.0404,-0.96,0.96,0.9216
TYK2,jmc_28,jmc_27,-0.3,-0.57,0.09,-0.7,0.24,0.27,0.27,0.0729,0.4,0.4,0.16
TYK2,ejm_42,ejm_48,0.78,1.22,0.1,1.07,0.72,-0.44,0.44,0.1936,-0.29,0.29,0.0841
TYK2,ejm_31,ejm_43,1.28,1.59,0.09,1.64,0.47,-0.31,0.31,0.0961,-0.36,0.36,0.1296
TYK2,ejm_50,ejm_42,-0.8,-0.24,0.1,-0.18,0.29,-0.56,0.56,0.3136,-0.62,0.62,0.3844
TYK2,ejm_42,ejm_55,0.57,-0.84,0.09,-0.9,0.53,1.41,1.41,1.9881,1.47,1.47,2.1609
TYK2,jmc_23,ejm_46,0.39,0.6,0.09,0.66,0.24,-0.21,0.21,0.0441,-0.27,0.27,0.0729
TYK2,ejm_31,ejm_45,-0.02,0.01,0.09,0.2,0.76,-0.03,0.03,0.0009,-0.22,0.22,0.0484
TYK2,ejm_55,ejm_54,-1.32,-0.1,0.09,-0.13,0.43,-1.22,1.22,1.4884,-1.19,1.19,1.4161
TYK2,ejm_45,ejm_42,-0.22,-0.28,0.09,-0.09,0.76,0.06,0.06,0.0036,-0.13,0.13,0.0169
TYK2,ejm_31,jmc_28,-1.44,-0.39,0.1,-0.48,0.24,-1.05,1.05,1.1025,-0.96,0.96,0.9216
TYK2,ejm_31,ejm_48,0.54,1.03,0.11,1.18,0.72,-0.49,0.49,0.2401,-0.64,0.64,0.4096
TYK2,ejm_47,ejm_31,0.16,-0.87,0.1,-0.57,0.76,1.03,1.03,1.0609,0.73,0.73,0.5329
TYK2,ejm_47,ejm_55,0.49,-1.05,0.09,-1.35,0.76,1.54,1.54,2.3716,1.84,1.84,3.3856
TYK2,ejm_44,ejm_42,-2.36,-2.27,0.1,-2.7,0.76,-0.0899999999999999,0.0899999999999999,0.0080999999999999,0.34,0.34,0.1156
TYK2,jmc_23,jmc_27,0.42,0.16,0.09,0.29,0.24,0.26,0.26,0.0676,0.13,0.13,0.0169
TYK2,ejm_43,ejm_55,-0.95,-2.48,0.1,-2.43,0.47,1.53,1.53,2.3409,1.48,1.48,2.1904
TYK2,jmc_23,jmc_30,0.76,0.54,0.1,0.5,0.18,0.22,0.22,0.0484,0.26,0.26,0.0676
TYK2,jmc_28,jmc_30,0.04,-0.52,0.09,-0.48,0.18,0.56,0.56,0.3136,0.52,0.52,0.2704
TYK2,ejm_42,ejm_54,-0.75,-1.07,0.11,-1.04,0.43,0.32,0.32,0.1024,0.29,0.29,0.0841
TYK2,ejm_49,ejm_50,-1.23,-0.76,0.13,-0.7,0.29,-0.47,0.47,0.2209,-0.53,0.53,0.2809
PTP1B,23466,23475,-0.87,-1.54,0.13,-1.92,0.68,0.67,0.67,0.4489,1.05,1.05,1.1025
PTP1B,23467,23466,-0.51,-0.23,0.1,-0.39,0.56,-0.28,0.28,0.0784,-0.12,0.12,0.0144
PTP1B,23467,23468,-0.41,-0.5,0.11,-0.44,0.34,0.09,0.09,0.0081,0.03,0.03,0.0009
PTP1B,23467,23469,-0.38,-0.63,0.13,-0.55,0.38,0.25,0.25,0.0625,0.17,0.17,0.0289
PTP1B,23467,23470,-0.38,-1.19,0.15,-1.39,0.58,0.81,0.81,0.6561,1.01,1.01,1.0201
PTP1B,23467,23473,-1.05,-1.21,0.09,-1.44,0.61,0.16,0.16,0.0256,0.39,0.39,0.1521
PTP1B,23467,23474,-1.77,-2.66,0.12,-2.38,0.59,0.89,0.89,0.7921,0.61,0.61,0.3721
PTP1B,23467,23475,-1.38,-2.68,0.15,-2.3,0.68,1.3,1.3,1.69,0.92,0.92,0.8464
PTP1B,23467,23476,-2.07,-2.55,0.13,-2.65,0.48,0.48,0.48,0.2304,0.58,0.58,0.3364
PTP1B,23469,23472,-0.92,-1.33,0.24,-1.39,0.38,0.41,0.41,0.1681,0.47,0.47,0.2209
PTP1B,23469,20669(2qbr),-0.88,-1.35,0.11,-1.21,0.35,0.47,0.47,0.2209,0.33,0.33,0.1089
PTP1B,23471,23466,-0.1,1.07,0.12,0.93,0.58,-1.17,1.17,1.3689,-1.03,1.03,1.0609
PTP1B,23471,23468,0.0,0.94,0.08,0.88,0.34,-0.94,0.94,0.8836,-0.88,0.88,0.7744
PTP1B,23471,23470,0.03,-0.27,0.1,-0.07,0.58,0.3,0.3,0.09,0.1,0.1,0.01
PTP1B,23473,20669(2qbr),-0.22,-0.09,0.08,-0.32,0.61,-0.13,0.13,0.0169,0.1,0.1,0.01
PTP1B,23474,23466,1.26,1.72,0.12,2.0,0.59,-0.46,0.46,0.2116,-0.74,0.74,0.5476
PTP1B,23476,23466,1.57,2.36,0.18,2.26,0.48,-0.79,0.79,0.6241,-0.69,0.69,0.4761
PTP1B,23477,23466,1.01,1.79,0.12,2.03,1.16,-0.78,0.78,0.6084,-1.02,1.02,1.0404
PTP1B,23477,23467,1.51,2.31,0.14,2.42,0.68,-0.8,0.8,0.64,-0.91,0.91,0.8281
PTP1B,23477,23479,-0.29,-0.67,0.12,-0.27,1.39,0.38,0.38,0.1444,-0.02,0.02,0.0003999999999999
PTP1B,23477,23482,-1.15,-0.45,0.11,-0.71,1.39,-0.7,0.7,0.49,-0.44,0.44,0.1936
PTP1B,23477,23483,-1.02,-1.47,0.13,-1.74,0.9,0.45,0.45,0.2025,0.72,0.72,0.5184
PTP1B,23477,23330(2qbq),-1.27,-1.98,0.15,-1.88,1.0,0.71,0.71,0.5041,0.61,0.61,0.3721
PTP1B,23480,23479,-0.42,-0.18,0.07,0.04,1.3,-0.24,0.24,0.0576,-0.46,0.46,0.2116
PTP1B,23480,23482,-1.29,-0.18,0.18,-0.4,1.3,-1.11,1.11,1.2321,-0.89,0.89,0.7921
PTP1B,23482,23479,0.86,-0.05,0.22,0.44,1.45,0.91,0.91,0.8281,0.42,0.42,0.1764
PTP1B,23482,23485,-1.01,-0.48,0.15,0.06,1.38,-0.53,0.53,0.2809,-1.07,1.07,1.1449
PTP1B,23482,23486,-2.46,0.11,0.16,-1.19,1.45,-2.57,2.57,6.6049,-1.27,1.27,1.6129
PTP1B,23483,23479,0.73,1.99,0.22,1.48,0.8,-1.26,1.26,1.5876,-0.75,0.75,0.5625
PTP1B,23484,23479,-1.39,1.35,0.33,0.67,1.45,-2.74,2.74,7.5076,-2.06,2.06,4.2436
PTP1B,23484,23482,-2.25,-0.06,0.16,0.23,0.89,-2.19,2.19,4.7961,-2.48,2.48,6.1504
PTP1B,23484,23485,-3.26,0.19,0.15,0.29,1.36,-3.45,3.45,11.9025,-3.55,3.55,12.6025
PTP1B,23484,23486,-4.72,-0.94,0.15,-0.96,1.23,-3.78,3.78,14.2884,-3.76,3.76,14.1376
PTP1B,23485,23479,1.87,0.29,0.33,0.38,1.38,1.58,1.58,2.4964,1.49,1.49,2.2201
PTP1B,23486,23479,3.33,2.04,0.3,1.63,1.27,1.29,1.29,1.6641,1.7,1.7,2.89
PTP1B,23486,23485,1.46,1.72,0.16,1.25,1.36,-0.26,0.26,0.0676,0.21,0.21,0.0441
PTP1B,20667(2qbp),23479,2.28,1.13,0.23,1.27,1.17,1.15,1.15,1.3225,1.01,1.01,1.0201
PTP1B,20667(2qbp),23482,1.42,1.0,0.1,0.83,1.17,0.42,0.42,0.1764,0.59,0.59,0.3481
PTP1B,20667(2qbp),23484,3.67,0.92,0.16,0.6,1.45,2.75,2.75,7.5625,3.07,3.07,9.4249
PTP1B,20667(2qbp),23485,0.41,0.98,0.17,0.89,1.29,-0.57,0.57,0.3249,-0.48,0.48,0.2304
PTP1B,20667(2qbp),23486,-1.05,-0.81,0.19,-0.36,1.45,-0.24,0.24,0.0576,-0.69,0.69,0.4761
PTP1B,20669(2qbr),23466,0.76,1.52,0.14,1.37,0.61,-0.76,0.76,0.5776,-0.61,0.61,0.3721
PTP1B,20669(2qbr),23472,-0.04,-0.23,0.18,-0.17,0.38,0.19,0.19,0.0361,0.13,0.13,0.0169
PTP1B,20670(2qbs),23466,1.24,3.24,0.13,2.89,1.16,-2.0,2.0,4.0,-1.65,1.65,2.7225
PTP1B,20670(2qbs),23477,0.23,0.54,0.08,0.86,1.06,-0.31,0.31,0.0961,-0.63,0.63,0.3969
PTP1B,20670(2qbs),23479,-0.06,0.32,0.13,0.59,1.2,-0.38,0.38,0.1444,-0.65,0.65,0.4225
PTP1B,20670(2qbs),23482,-0.92,0.06,0.11,0.15,1.2,-0.98,0.98,0.9604,-1.07,1.07,1.1449
PTP1B,20670(2qbs),23483,-0.79,-0.64,0.13,-0.88,0.9,-0.15,0.15,0.0225,0.09,0.09,0.0080999999999999
PTP1B,20670(2qbs),23330(2qbq),-1.04,-0.92,0.1,-1.02,1.0,-0.12,0.12,0.0144,-0.02,0.02,0.0004
